0,tcp,smtp,SF,1075,364,0,0,0,0,0,1,0,0,0,0,0,0,0,0,0,0,1,2,0,0,0,0,1,0,1,255,100,0.39,0.17,0,0,0,0,0,0,normal
0,tcp,netbios_ns,S0,0,0,0,0,0,0,0,0,0,0,0,0,0,0,0,0,0,0,124,19,1,1,0,0,0.15,0.05,0,255,19,0.07,0.05,0,0,1,1,0,0,abnormal
1,tcp,ftp,SF,1174,2447,0,0,0,28,0,1,0,0,0,0,0,0,0,0,0,1,1,1,0,0,0,0,1,0,0,106,4,0.04,0.06,0.01,0,0.02,0,0.08,0,abnormal
3,tcp,smtp,SF,1077,370,0,0,0,0,0,1,0,0,0,0,0,0,0,0,0,0,2,1,0,0,0,0,0.5,1,0,255,13,0.05,0.61,0,0,0,0.08,0,0,normal
0,udp,other,SF,1,0,0,0,0,0,0,0,0,0,0,0,0,0,0,0,0,0,10,1,0,0,0,0,0.1,0.5,0,255,1,0,0.24,1,0,0,0,0,0,abnormal
0,tcp,http,SF,320,930,0,0,0,0,0,1,0,0,0,0,0,0,0,0,0,0,3,29,0.33,0.03,0,0,1,0,0.07,172,255,1,0,0.01,0.02,0.01,0,0,0,normal
0,tcp,ftp,S0,0,0,0,0,0,0,0,0,0,0,0,0,0,0,0,0,0,0,148,20,1,1,0,0,0.14,0.05,0,255,14,0.05,0.07,0,0,1,1,0,0,abnormal
1,tcp,smtp,SF,10928,924,0,0,0,0,0,1,0,0,0,0,0,0,0,0,0,0,4,1,0,0,0,0,0.25,0.5,0,197,61,0.03,0.01,0.01,0.03,0,0,0,0,normal
0,tcp,http,SF,220,365,0,0,0,0,0,1,0,0,0,0,0,0,0,0,0,0,10,10,0,0,0,0,1,0,0,10,255,1,0,0.1,0.02,0,0,0,0,normal
0,tcp,http,SF,240,3432,0,0,0,0,0,1,0,0,0,0,0,0,0,0,0,0,17,24,0.06,0.04,0,0,1,0,0.12,255,255,1,0,0,0,0,0,0,0,normal
0,tcp,http,SF,221,6722,0,0,0,0,0,1,0,0,0,0,0,0,0,0,0,0,29,31,0,0,0,0,1,0,0.1,80,255,1,0,0.01,0.01,0,0,0,0,normal
0,tcp,http,SF,316,5575,0,0,0,0,0,1,0,0,0,0,0,0,0,0,0,0,37,37,0.03,0.03,0,0,1,0,0,255,255,1,0,0,0,0,0,0,0,normal
0,tcp,http,SF,54540,8314,0,0,0,2,0,1,1,0,0,0,0,0,0,0,0,0,4,5,0,0,0,0.2,1,0,0.4,235,235,1,0,0,0,0,0,0.02,0.02,abnormal
0,tcp,auth,REJ,0,0,0,0,0,0,0,0,0,0,0,0,0,0,0,0,0,0,143,7,0,0,1,1,0.05,0.07,0,255,7,0.03,0.07,0,0,0,0,1,1,abnormal
0,tcp,ftp_data,S0,0,0,0,0,0,0,0,0,0,0,0,0,0,0,0,0,0,0,33,13,1,1,0,0,0.39,0.06,0,35,59,0.37,0.09,0.06,0.03,0.94,0.22,0,0,abnormal
0,tcp,private,S0,0,0,0,0,0,0,0,0,0,0,0,0,0,0,0,0,0,0,102,8,1,1,0,0,0.08,0.07,0,255,13,0.05,0.07,0,0,1,1,0,0,abnormal
0,udp,private,SF,1,0,0,0,0,0,0,0,0,0,0,0,0,0,0,0,0,0,48,1,0,0,0,0,0.02,0.12,0,255,1,0,0.21,1,0,0,0,0,0,abnormal
0,icmp,eco_i,SF,8,0,0,0,0,0,0,0,0,0,0,0,0,0,0,0,0,0,1,18,0,0,0,0,1,0,1,2,12,1,0,1,0.5,0,0,0,0,abnormal
0,tcp,http,SF,212,3692,0,0,0,0,0,1,0,0,0,0,0,0,0,0,0,0,1,1,0,0,0,0,1,0,0,241,255,1,0,0,0.01,0,0,0,0,normal
27,tcp,ftp,SF,1419,4152,0,0,0,30,0,1,0,0,0,0,0,0,0,0,0,1,1,1,0,0,0,0,1,0,0,123,37,0.3,0.04,0.01,0,0,0,0,0,normal
0,udp,domain_u,SF,45,116,0,0,0,0,0,0,0,0,0,0,0,0,0,0,0,0,162,162,0,0,0,0,1,0,0,255,191,0.75,0.01,0,0,0,0,0,0,normal
0,tcp,ftp_data,S0,0,0,0,0,0,0,0,0,0,0,0,0,0,0,0,0,0,0,59,14,1,1,0,0,0.24,0.07,0,255,64,0.25,0.02,0,0,1,1,0,0,abnormal
0,tcp,smtp,SF,1214,287,0,0,0,0,0,1,0,0,0,0,0,0,0,0,0,0,1,1,0,0,0,0,1,0,0,71,166,0.83,0.06,0.01,0.01,0.01,0.01,0,0,normal
0,tcp,http,SF,304,1380,0,0,0,0,0,1,0,0,0,0,0,0,0,0,0,0,3,3,0,0,0,0,1,0,0,255,224,0.88,0.01,0,0,0,0,0,0,normal
0,tcp,ftp_data,S0,0,0,0,0,0,0,0,0,0,0,0,0,0,0,0,0,0,0,5,1,1,1,0,0,0.2,0.4,0,255,69,0.27,0.02,0,0,1,1,0,0,abnormal
0,tcp,http,SF,295,1959,0,0,0,0,0,1,0,0,0,0,0,0,0,0,0,0,5,5,0,0,0,0,1,0,0,5,255,1,0,0.2,0.02,0,0,0,0,normal
0,tcp,http,SF,202,16418,0,0,0,0,0,1,0,0,0,0,0,0,0,0,0,0,15,15,0,0,0,0,1,0,0,15,255,1,0,0.07,0.06,0,0,0,0,normal
0,tcp,private,S0,0,0,0,0,0,0,0,0,0,0,0,0,0,0,0,0,0,0,80,20,1,1,0,0,0.25,0.05,0,255,1,0,0.07,0,0,1,1,0,0,abnormal
0,tcp,http,REJ,0,0,0,0,0,0,0,0,0,0,0,0,0,0,0,0,0,0,11,11,0,0,0.64,0.64,1,0,0,14,167,1,0,0.07,0.23,0,0,0.71,0.98,normal
0,tcp,private,SH,0,0,0,0,0,0,0,0,0,0,0,0,0,0,0,0,0,0,1,1,1,1,0,0,1,0,0,178,1,0.01,0.94,0.96,0,0.96,1,0,0,abnormal
0,tcp,http,SF,223,314,0,0,0,0,0,1,0,0,0,0,0,0,0,0,0,0,1,1,0,0,0,0,1,0,0,255,255,1,0,0,0,0,0,0,0,normal
0,tcp,http,SF,227,3268,0,0,0,0,0,1,0,0,0,0,0,0,0,0,0,0,3,3,0,0,0,0,1,0,0,34,255,1,0,0.03,0.02,0,0,0,0,normal
0,icmp,eco_i,SF,8,0,0,0,0,0,0,0,0,0,0,0,0,0,0,0,0,0,1,10,0,0,0,0,1,0,1,2,146,1,0,1,0.25,0,0,0,0,abnormal
0,tcp,http,SF,54540,8314,0,0,0,2,0,1,1,0,0,0,0,0,0,0,0,0,3,3,0,0,0,0,1,0,0,250,250,1,0,0,0,0,0,0.02,0.02,abnormal
0,tcp,http,SF,260,310,0,0,0,0,0,1,0,0,0,0,0,0,0,0,0,0,1,1,0,0,0,0,1,0,0,1,255,1,0,1,0.03,0,0,0,0,normal
0,tcp,http,SF,270,8346,0,0,0,0,0,1,0,0,0,0,0,0,0,0,0,0,3,7,0,0,0,0,1,0,0.57,7,56,1,0,0.14,0.09,0,0,0,0,normal
0,tcp,http,SF,314,5589,0,0,0,0,0,1,0,0,0,0,0,0,0,0,0,0,2,2,0,0,0,0,1,0,0,26,255,1,0,0.04,0.02,0,0,0,0,normal
0,tcp,csnet_ns,REJ,0,0,0,0,0,0,0,0,0,0,0,0,0,0,0,0,0,0,103,5,0,0,1,1,0.05,0.06,0,255,4,0.02,0.07,0,0,0,0,1,1,abnormal
0,tcp,http,SF,204,12334,0,0,0,0,0,1,0,0,0,0,0,0,0,0,0,0,3,5,0,0,0,0,1,0,0.6,105,255,1,0,0.01,0.01,0.01,0,0,0,normal
0,tcp,http,SF,341,13045,0,0,0,0,0,1,0,0,0,0,0,0,0,0,0,0,4,4,0.25,0.25,0,0,1,0,0,4,255,1,0,0.25,0.02,0.25,0.01,0,0,normal
0,icmp,ecr_i,SF,1032,0,0,0,0,0,0,0,0,0,0,0,0,0,0,0,0,0,511,511,0,0,0,0,1,0,0,255,83,0.33,0.04,0.33,0,0.09,0,0.02,0,abnormal
0,tcp,private,S0,0,0,0,0,0,0,0,0,0,0,0,0,0,0,0,0,0,0,132,17,1,1,0,0,0.13,0.05,0,255,1,0,0.07,0,0,1,1,0,0,abnormal
0,tcp,http_443,S0,0,0,0,0,0,0,0,0,0,0,0,0,0,0,0,0,0,0,133,17,1,1,0,0,0.13,0.07,0,255,17,0.07,0.06,0,0,1,1,0,0,abnormal
0,tcp,ftp_data,S0,0,0,0,0,0,0,0,0,0,0,0,0,0,0,0,0,0,0,33,13,1,1,0,0,0.39,0.06,0,255,13,0.05,0.06,0.01,0,1,1,0,0,abnormal
0,udp,other,SF,516,4,0,0,0,0,0,0,0,0,0,0,0,0,0,0,0,0,396,396,0,0,0,0,1,0,0,255,255,1,0,1,0,0,0,0,0,normal
0,tcp,private,S0,0,0,0,0,0,0,0,0,0,0,0,0,0,0,0,0,0,0,37,3,1,1,0,0,0.08,0.16,0,255,3,0.01,0.07,0,0,1,1,0,0,abnormal
0,tcp,private,S0,0,0,0,0,0,0,0,0,0,0,0,0,0,0,0,0,0,0,169,19,1,1,0,0,0.11,0.05,0,255,4,0.02,0.07,0,0,1,1,0,0,abnormal
0,udp,private,SF,1,0,0,0,0,0,0,0,0,0,0,0,0,0,0,0,0,0,141,104,0,0,0,0,0.74,0.04,0,255,146,0.57,0.05,1,0,0,0,0,0,abnormal
0,tcp,http,SF,219,7441,0,0,0,0,0,1,0,0,0,0,0,0,0,0,0,0,20,20,0,0,0,0,1,0,0,55,255,1,0,0.02,0.05,0,0,0,0,normal
0,tcp,http,SF,230,4651,0,0,0,0,0,1,0,0,0,0,0,0,0,0,0,0,25,25,0,0,0,0,1,0,0,51,255,1,0,0.02,0.03,0,0,0,0,normal
0,tcp,http,SF,261,326,0,0,0,0,0,1,0,0,0,0,0,0,0,0,0,0,14,15,0,0,0,0,1,0,0.13,255,255,1,0,0,0,0,0,0,0,normal
0,tcp,http,SF,230,38299,0,0,0,0,0,1,0,0,0,0,0,0,0,0,0,0,1,1,0,0,0,0,1,0,0,71,255,1,0,0.01,0.01,0,0,0,0,normal
0,tcp,private,S0,0,0,0,0,0,0,0,0,0,0,0,0,0,0,0,0,0,0,116,5,1,1,0,0,0.04,0.07,0,255,14,0.05,0.06,0,0,1,1,0,0,abnormal
0,tcp,http,SF,319,807,0,0,0,0,0,1,0,0,0,0,0,0,0,0,0,0,20,20,0,0,0,0,1,0,0,255,255,1,0,0,0,0.01,0.01,0,0,normal
0,tcp,private,S0,0,0,0,0,0,0,0,0,0,0,0,0,0,0,0,0,0,0,249,10,1,1,0,0,0.04,0.06,0,255,10,0.04,0.1,0,0,1,1,0,0,abnormal
0,tcp,smtp,SF,891,552,0,0,0,0,0,1,0,0,0,0,0,0,0,0,0,0,1,1,0,0,0,0,1,0,0,255,9,0.04,0.07,0,0,0.95,0,0,0,normal
0,tcp,http,SF,306,1075,0,0,0,0,0,1,0,0,0,0,0,0,0,0,0,0,7,18,0,0,0,0,1,0,0.11,179,175,0.98,0.01,0.01,0,0,0,0,0,normal
0,tcp,private,S0,0,0,0,0,0,0,0,0,0,0,0,0,0,0,0,0,0,0,2,2,1,1,0,0,1,0,0,255,6,0.02,0.07,0,0,1,1,0,0,abnormal
0,icmp,urh_i,SF,36,0,0,0,0,0,0,0,0,0,0,0,0,0,0,0,0,0,1,1,0,0,0,0,1,0,0,100,20,0.2,0.07,0.2,0,0,0,0,0,normal
0,tcp,http,SF,298,1511,0,0,0,0,0,1,0,0,0,0,0,0,0,0,0,0,2,2,0,0,0,0,1,0,0,41,255,1,0,0.02,0.02,0,0.01,0.22,0.06,normal
0,tcp,http,REJ,0,0,0,0,0,0,0,0,0,0,0,0,0,0,0,0,0,0,1,1,0,0,1,1,1,0,0,190,253,1,0,0.01,0.05,0,0,0.39,0.54,normal
0,tcp,other,REJ,0,0,0,0,0,0,0,0,0,0,0,0,0,0,0,0,0,0,509,1,0.17,0,0.83,1,0,1,0,255,1,0,1,0,0,0.02,0,0.98,1,abnormal
0,tcp,link,S0,0,0,0,0,0,0,0,0,0,0,0,0,0,0,0,0,0,0,45,8,1,1,0,0,0.18,0.11,0,255,10,0.04,0.08,0,0,1,1,0,0,abnormal
0,icmp,ecr_i,SF,1032,0,0,0,0,0,0,0,0,0,0,0,0,0,0,0,0,0,510,510,0,0,0,0,1,0,0,255,221,0.87,0.02,0.87,0,0,0,0,0,abnormal
0,tcp,http,S0,0,0,0,0,0,0,0,0,0,0,0,0,0,0,0,0,0,0,243,19,1,0.95,0,0,0.07,0.07,0.11,255,18,0.07,0.08,0,0,1,1,0,0,abnormal
0,tcp,smtp,S0,0,0,0,0,0,0,0,0,0,0,0,0,0,0,0,0,0,0,12,12,1,1,0,0,1,0,0,114,134,0.46,0.02,0.01,0.01,0.98,0.39,0,0,abnormal
0,tcp,http,SF,236,145,0,0,0,0,0,1,0,0,0,0,0,0,0,0,0,0,1,1,0,0,0,0,1,0,0,1,90,1,0,1,0.1,0,0.01,0,0,normal
0,tcp,private,S0,0,0,0,0,0,0,0,0,0,0,0,0,0,0,0,0,0,0,134,9,1,1,0,0,0.07,0.06,0,255,7,0.03,0.06,0,0,1,1,0,0,abnormal
0,udp,domain_u,SF,44,44,0,0,0,0,0,0,0,0,0,0,0,0,0,0,0,0,78,158,0,0,0,0,1,0,0.01,255,244,0.96,0.01,0.01,0,0,0,0,0,normal
0,icmp,eco_i,SF,8,0,0,0,0,0,0,0,0,0,0,0,0,0,0,0,0,0,1,12,0,0,0,0,1,0,1,4,64,1,0,1,0.25,0,0,0,0,abnormal
0,tcp,hostnames,S0,0,0,0,0,0,0,0,0,0,0,0,0,0,0,0,0,0,0,23,7,1,1,0,0,0.3,0.22,0,255,8,0.03,0.08,0,0,1,1,0,0,abnormal
0,tcp,http,SF,186,50390,0,0,0,0,0,1,0,0,0,0,0,0,0,0,0,0,1,1,0,0,0,0,1,0,0,46,255,1,0,0.02,0.04,0,0,0,0,normal
0,tcp,name,S0,0,0,0,0,0,0,0,0,0,0,0,0,0,0,0,0,0,0,270,18,1,1,0,0,0.07,0.07,0,255,5,0.02,0.05,0,0,1,1,0,0,abnormal
0,udp,domain_u,SF,44,135,0,0,0,0,0,0,0,0,0,0,0,0,0,0,0,0,206,206,0,0,0,0,1,0,0,131,92,0.7,0.02,0.01,0,0,0,0,0,normal
0,tcp,private,S0,0,0,0,0,0,0,0,0,0,0,0,0,0,0,0,0,0,0,261,19,1,1,0,0,0.07,0.05,0,255,19,0.07,0.06,0,0,1,1,0,0,abnormal
0,tcp,http,S0,0,0,0,0,0,0,0,0,0,0,0,0,0,0,0,0,0,0,5,1,1,1,0,0,0.2,0.6,0,255,41,0.16,0.05,0,0,1,1,0,0,abnormal
0,tcp,http,SF,333,6137,0,0,0,0,0,1,0,0,0,0,0,0,0,0,0,0,24,24,0,0,0,0,1,0,0,255,255,1,0,0,0,0,0,0,0,normal
0,tcp,http,SF,184,34030,0,0,0,0,0,1,0,0,0,0,0,0,0,0,0,0,1,1,0,0,0,0,1,0,0,255,248,0.97,0.01,0,0,0,0,0,0,normal
0,tcp,http,SF,209,5606,0,0,0,0,0,1,0,0,0,0,0,0,0,0,0,0,3,3,0,0,0,0,1,0,0,121,255,1,0,0.01,0.01,0,0,0,0,normal
0,tcp,smtp,SF,592,335,0,0,0,0,0,1,0,0,0,0,0,0,0,0,0,0,1,1,0,0,0,0,1,0,0,198,245,0.96,0.01,0.01,0.01,0,0,0,0,normal
0,tcp,http,SF,293,3923,0,0,0,0,0,1,0,0,0,0,0,0,0,0,0,0,4,34,0,0,0,0,1,0,0.06,17,232,1,0,0.06,0.03,0,0,0,0,normal
0,tcp,private,S0,0,0,0,0,0,0,0,0,0,0,0,0,0,0,0,0,0,0,269,18,1,1,0,0,0.07,0.06,0,255,13,0.05,0.08,0,0,1,1,0,0,abnormal
0,tcp,private,S0,0,0,0,0,0,0,0,0,0,0,0,0,0,0,0,0,0,0,244,14,1,1,0,0,0.06,0.06,0,255,14,0.05,0.08,0,0,1,1,0,0,abnormal
0,tcp,http,SF,342,406,0,0,0,0,0,1,0,0,0,0,0,0,0,0,0,0,12,14,0,0,0,0,1,0,0.21,255,255,1,0,0,0,0,0,0,0,normal
0,tcp,http,SF,222,396,0,0,0,0,0,1,0,0,0,0,0,0,0,0,0,0,16,16,0,0,0,0,1,0,0,101,255,1,0,0.01,0.05,0,0,0.01,0,normal
0,tcp,uucp_path,REJ,0,0,0,0,0,0,0,0,0,0,0,0,0,0,0,0,0,0,253,9,0,0,1,1,0.04,0.06,0,255,9,0.04,0.07,0,0,0,0,1,1,abnormal
0,tcp,daytime,S0,0,0,0,0,0,0,0,0,0,0,0,0,0,0,0,0,0,0,234,21,1,1,0,0,0.09,0.04,0,255,21,0.08,0.05,0,0,1,1,0,0,abnormal
0,tcp,http,SF,211,3200,0,0,0,0,0,1,0,0,0,0,0,0,0,0,0,0,12,13,0,0,0,0,1,0,0.15,255,255,1,0,0,0,0,0,0,0,normal
0,tcp,http,SF,176,170,0,0,0,0,0,1,0,0,0,0,0,0,0,0,0,0,1,1,0,0,0,0,1,0,0,255,255,1,0,0,0,0,0,0,0,normal
0,tcp,netbios_dgm,REJ,0,0,0,0,0,0,0,0,0,0,0,0,0,0,0,0,0,0,101,1,0,0,1,1,0.01,0.07,0,255,1,0,0.08,0,0,0,0,1,1,abnormal
0,tcp,private,S0,0,0,0,0,0,0,0,0,0,0,0,0,0,0,0,0,0,0,84,15,1,1,0,0,0.18,0.07,0,255,1,0,0.07,0,0,1,1,0,0,abnormal
0,tcp,http,SF,230,2676,0,0,0,0,0,1,0,0,0,0,0,0,0,0,0,0,7,7,0,0,0,0,1,0,0,193,255,1,0,0.01,0.01,0,0,0,0,normal
0,udp,domain_u,SF,45,137,0,0,0,0,0,0,0,0,0,0,0,0,0,0,0,0,113,193,0,0,0,0,1,0,0.01,255,255,1,0,0,0,0,0,0,0,normal
0,tcp,http,SF,207,670,0,0,0,0,0,1,0,0,0,0,0,0,0,0,0,0,33,58,0,0,0,0,1,0,0.1,211,255,1,0,0,0.02,0,0,0,0,normal
0,icmp,ecr_i,SF,520,0,0,0,0,0,0,0,0,0,0,0,0,0,0,0,0,0,444,444,0,0,0,0,1,0,0,226,226,1,0,1,0,0,0,0,0,abnormal
0,tcp,hostnames,S0,0,0,0,0,0,0,0,0,0,0,0,0,0,0,0,0,0,0,237,10,1,1,0,0,0.04,0.05,0,255,10,0.04,0.06,0,0,1,1,0,0,abnormal
0,tcp,private,S0,0,0,0,0,0,0,0,0,0,0,0,0,0,0,0,0,0,0,239,4,1,1,0,0,0.02,0.06,0,255,4,0.02,0.07,0,0,1,1,0,0,abnormal
0,tcp,http,SF,317,6821,0,0,0,0,0,1,0,0,0,0,0,0,0,0,0,0,3,3,0,0,0,0,1,0,0,11,255,1,0,0.09,0.05,0,0,0,0,normal
0,tcp,http,SF,192,2065,0,0,0,0,0,1,0,0,0,0,0,0,0,0,0,0,8,11,0,0,0,0,1,0,0.18,202,255,1,0,0.01,0.02,0,0,0,0,normal
0,tcp,uucp_path,S0,0,0,0,0,0,0,0,0,0,0,0,0,0,0,0,0,0,0,139,16,1,1,0,0,0.12,0.04,0,255,16,0.06,0.05,0,0,1,1,0,0,abnormal
39373,tcp,private,RSTR,1,0,0,0,0,0,0,0,0,0,0,0,0,0,0,0,0,0,2,2,0,0,1,1,1,0,0,255,2,0.01,0.5,1,0,0,0,1,1,abnormal
0,tcp,http,SF,279,14118,0,0,0,0,0,1,0,0,0,0,0,0,0,0,0,0,1,1,0,0,0,0,1,0,0,143,255,1,0,0.01,0.01,0,0,0,0,normal
0,tcp,ftp_data,SF,88382,0,0,0,0,0,0,1,0,0,0,1,0,0,0,0,0,0,21,21,0,0,0,0,1,0,0,73,46,0.37,0.08,0.37,0.04,0,0,0,0,normal
0,tcp,http,SF,238,1471,0,0,0,0,0,1,0,0,0,0,0,0,0,0,0,0,13,13,0,0,0,0,1,0,0,198,255,1,0,0.01,0.02,0,0,0,0,normal
0,tcp,vmnet,S0,0,0,0,0,0,0,0,0,0,0,0,0,0,0,0,0,0,0,250,16,1,1,0,0,0.06,0.06,0,255,5,0.02,0.09,0,0,1,1,0,0,abnormal
0,icmp,eco_i,SF,8,0,0,0,0,0,0,0,0,0,0,0,0,0,0,0,0,0,1,19,0,0,0,0,1,0,1,2,90,1,0,1,0.5,0,0,0,0,abnormal
0,tcp,http,SF,248,1273,0,0,0,0,0,1,0,0,0,0,0,0,0,0,0,0,4,4,0,0,0,0,1,0,0,29,255,1,0,0.03,0.03,0,0,0,0,normal
0,tcp,ftp_data,SF,11,0,0,0,0,0,0,1,0,0,0,0,0,0,0,0,0,0,2,2,0,0,0,0,1,0,0,255,48,0.19,0.02,0.08,0,0.35,0.48,0,0,normal
0,tcp,http,SF,342,1035,0,0,0,0,0,1,0,0,0,0,0,0,0,0,0,0,5,6,0,0,0,0,1,0,0.33,156,255,1,0,0.01,0.01,0,0,0,0,normal
0,tcp,private,S0,0,0,0,0,0,0,0,0,0,0,0,0,0,0,0,0,0,0,31,1,1,1,0,0,0.03,0.13,0,255,16,0.06,0.07,0,0,1,1,0,0,abnormal
0,tcp,telnet,RSTO,126,179,0,0,0,1,1,0,0,0,0,0,0,0,0,0,0,0,1,1,0,0,1,1,1,0,0,32,32,1,0,0.03,0,0.06,0.06,0.94,0.94,abnormal
0,tcp,link,S0,0,0,0,0,0,0,0,0,0,0,0,0,0,0,0,0,0,0,197,6,1,1,0,0,0.03,0.06,0,255,6,0.02,0.05,0,0,1,1,0,0,abnormal
0,icmp,eco_i,SF,20,0,0,0,0,0,0,0,0,0,0,0,0,0,0,0,0,0,1,1,0,0,0,0,1,0,0,210,1,0,0.77,0,0,0.03,0,0.63,0,abnormal
0,tcp,private,S0,0,0,0,0,0,0,0,0,0,0,0,0,0,0,0,0,0,0,297,2,1,1,0,0,0.01,0.06,0,255,3,0.01,0.08,0,0,1,1,0,0,abnormal
0,tcp,private,RSTR,0,0,0,0,0,0,0,0,0,0,0,0,0,0,0,0,0,0,1,1,0,0,1,1,1,0,0,223,1,0,0.24,0.46,0,0,0,0.46,1,abnormal
3,tcp,finger,SF,9,227,0,0,0,0,0,0,0,0,0,0,0,0,0,0,0,0,1,1,0,0,0,0,1,0,0,69,5,0.03,0.06,0.01,0.4,0,0,0,0,normal
0,icmp,ecr_i,SF,1032,0,0,0,0,0,0,0,0,0,0,0,0,0,0,0,0,0,511,510,0,0,0,0,1,0,0,255,129,0.51,0.04,0.51,0,0,0,0,0,abnormal
0,tcp,http,SF,209,296,0,0,0,0,0,1,0,0,0,0,0,0,0,0,0,0,10,13,0,0,0,0,1,0,0.15,255,255,1,0,0,0,0,0,0,0,normal
0,tcp,ftp_data,S0,0,0,0,0,0,0,0,0,0,0,0,0,0,0,0,0,0,0,235,8,1,1,0,0,0.03,0.06,0,255,8,0.03,0.06,0,0,1,1,0,0,abnormal
0,tcp,http,SF,328,2109,0,0,0,0,0,1,0,0,0,0,0,0,0,0,0,0,4,8,0,0,0,0,1,0,0.25,144,255,1,0,0.01,0.02,0,0,0,0,normal
0,tcp,netstat,S0,0,0,0,0,0,0,0,0,0,0,0,0,0,0,0,0,0,0,119,2,1,1,0,0,0.02,0.06,0,255,2,0.01,0.05,0,0,1,1,0,0,abnormal
0,tcp,http,S0,0,0,0,0,0,0,0,0,0,0,0,0,0,0,0,0,0,0,14,1,1,1,0,0,0.07,0.36,0,255,1,0,0.09,0,0,1,1,0,0,abnormal
0,tcp,ftp_data,SF,495,0,0,0,0,0,0,1,0,0,0,5,0,0,0,0,0,0,1,1,0,0,0,0,1,0,0,230,110,0.46,0.03,0.46,0.02,0,0,0,0,normal
0,tcp,hostnames,S0,0,0,0,0,0,0,0,0,0,0,0,0,0,0,0,0,0,0,200,9,1,1,0,0,0.05,0.07,0,255,10,0.04,0.08,0,0,1,1,0,0,abnormal
0,udp,domain_u,SF,44,80,0,0,0,0,0,0,0,0,0,0,0,0,0,0,0,0,229,230,0,0,0,0,1,0,0.01,255,186,0.73,0.01,0,0,0,0,0,0,normal
26788,tcp,private,RSTR,1,0,0,0,0,0,0,0,0,0,0,0,0,0,0,0,0,0,2,2,0,0,1,1,1,0,0,255,2,0.01,0.74,1,0,0,0,1,1,abnormal
0,icmp,eco_i,SF,18,0,0,0,0,0,0,0,0,0,0,0,0,0,0,0,0,0,1,1,0,0,0,0,1,0,0,2,74,1,0,1,0.26,0,0,0,0,abnormal
0,tcp,ftp_data,SF,192,0,0,0,0,0,0,1,0,0,0,0,0,0,0,0,0,0,2,2,0,0,0,0,1,0,0,255,15,0.06,0.02,0.06,0,0,0,0.78,0,normal
0,tcp,http,REJ,0,0,0,0,0,0,0,0,0,0,0,0,0,0,0,0,0,0,1,1,0,0,1,1,1,0,0,156,128,0.82,0.01,0.01,0,0,0,0.82,1,normal
0,tcp,http,SF,186,1445,0,0,0,0,0,1,0,0,0,0,0,0,0,0,0,0,1,2,0,0,0,0,1,0,1,8,255,1,0,0.12,0.03,0,0,0,0,normal
0,tcp,private,S0,0,0,0,0,0,0,0,0,0,0,0,0,0,0,0,0,0,0,249,2,1,1,0,0,0.01,0.06,0,255,3,0.01,0.07,0,0,1,1,0,0,abnormal
0,tcp,auth,REJ,0,0,0,0,0,0,0,0,0,0,0,0,0,0,0,0,0,0,232,2,0,0,1,1,0.01,0.07,0,255,2,0.01,0.08,0,0,0,0,1,1,abnormal
0,udp,domain_u,SF,128,44,0,0,0,0,0,0,0,0,0,0,0,0,0,0,0,0,244,243,0,0,0,0,1,0.01,0,133,100,0.75,0.02,0.2,0,0,0,0,0,normal
0,tcp,smtp,SF,2781,331,0,0,0,0,0,1,0,0,0,0,0,0,0,0,0,0,1,1,0,0,0,0,1,0,0,255,142,0.56,0.02,0,0,0,0,0,0,normal
0,tcp,private,S0,0,0,0,0,0,0,0,0,0,0,0,0,0,0,0,0,0,0,167,9,1,1,0,0,0.05,0.06,0,255,17,0.07,0.07,0,0,1,1,0,0,abnormal
27,tcp,ftp,SF,1475,4152,0,0,0,30,0,1,0,0,0,0,0,0,0,0,0,1,1,1,0,0,0,0,1,0,0,138,43,0.31,0.02,0.01,0,0,0,0,0,normal
0,tcp,private,SH,0,0,0,0,0,0,0,0,0,0,0,0,0,0,0,0,0,0,1,1,1,1,0,0,1,0,0,144,1,0.01,0.93,0.94,0,0.94,1,0,0,abnormal
0,tcp,private,REJ,0,0,0,0,0,0,0,0,0,0,0,0,0,0,0,0,0,0,149,19,0,0,1,1,0.13,0.06,0,74,19,0.26,0.08,0.01,0,0,0,1,1,abnormal
0,tcp,private,S0,0,0,0,0,0,0,0,0,0,0,0,0,0,0,0,0,0,0,246,3,1,1,0,0,0.01,0.07,0,255,3,0.01,0.07,0,0,1,1,0,0,abnormal
0,tcp,http,SF,250,707,0,0,0,0,0,1,0,0,0,0,0,0,0,0,0,0,19,25,0,0,0,0,1,0,0.12,255,255,1,0,0,0,0,0,0,0,normal
0,tcp,http,SF,304,8497,0,0,0,0,0,1,0,0,0,0,0,0,0,0,0,0,9,12,0,0,0,0,1,0,0.17,255,255,1,0,0,0,0,0,0,0,normal
0,tcp,link,S0,0,0,0,0,0,0,0,0,0,0,0,0,0,0,0,0,0,0,222,2,1,1,0,0,0.01,0.05,0,255,2,0.01,0.06,0,0,1,1,0,0,abnormal
0,tcp,smtp,SF,645,325,0,0,0,0,0,1,0,0,0,0,0,0,0,0,0,0,1,1,0,0,0,0,1,0,0,185,157,0.63,0.1,0.01,0.01,0.01,0,0,0,normal
0,icmp,eco_i,SF,8,0,0,0,0,0,0,0,0,0,0,0,0,0,0,0,0,0,1,10,0,0,0,0,1,0,1,1,49,1,0,1,0.51,0,0,0,0,abnormal
26,tcp,ftp,SF,286,903,0,0,0,5,0,1,0,0,0,0,0,0,0,0,0,1,1,1,0,0,0,0,1,0,0,207,55,0.27,0.02,0,0,0,0.02,0,0,normal
0,tcp,private,S0,0,0,0,0,0,0,0,0,0,0,0,0,0,0,0,0,0,0,104,3,1,1,0,0,0.03,0.06,0,255,3,0.01,0.06,0,0,1,1,0,0,abnormal
0,tcp,http,SF,297,304,0,0,0,0,0,1,0,0,0,0,0,0,0,0,0,0,17,17,0,0,0,0,1,0,0,255,255,1,0,0,0,0,0,0,0,normal
30775,tcp,private,RSTR,1,0,0,0,0,0,0,0,0,0,0,0,0,0,0,0,0,0,2,2,0,0,1,1,1,0,0,255,2,0.01,0.75,1,0,0,0,1,1,abnormal
0,tcp,private,S0,0,0,0,0,0,0,0,0,0,0,0,0,0,0,0,0,0,0,170,14,1,1,0,0,0.08,0.06,0,255,1,0,0.07,0,0,1,1,0,0,abnormal
0,tcp,http,SF,181,1724,0,0,0,0,0,1,0,0,0,0,0,0,0,0,0,0,2,2,0,0,0,0,1,0,0,10,2,0.2,0.3,0.1,0,0,0,0,0,normal
0,tcp,other,REJ,0,0,0,0,0,0,0,0,0,0,0,0,0,0,0,0,0,0,509,1,0.04,0,0.96,1,0,1,0,255,1,0,1,0,0,0.04,0,0.96,1,abnormal
0,tcp,http,SF,311,3222,0,0,0,0,0,1,0,0,0,0,0,0,0,0,0,0,2,2,0,0,0,0,1,0,0,255,246,0.96,0.02,0,0,0,0,0.01,0.01,normal
0,tcp,supdup,S0,0,0,0,0,0,0,0,0,0,0,0,0,0,0,0,0,0,0,189,16,1,1,0,0,0.08,0.06,0,255,16,0.06,0.07,0,0,1,1,0,0,abnormal
0,tcp,http,SF,316,714,0,0,0,0,0,1,0,0,0,0,0,0,0,0,0,0,15,20,0,0,0,0,1,0,0.1,93,255,1,0,0.01,0.02,0,0,0,0,normal
0,tcp,netstat,REJ,0,0,0,0,0,0,0,0,0,0,0,0,0,0,0,0,0,0,11,1,0,0,1,1,0.09,0.55,0,181,1,0.01,0.05,0.06,0,0.01,0,0.33,1,abnormal
0,tcp,http,SF,338,311,0,0,0,0,0,1,0,0,0,0,0,0,0,0,0,0,13,14,0,0,0,0,1,0,0.14,70,255,1,0,0.01,0.02,0,0,0,0,normal
0,tcp,http,SF,217,768,0,0,0,0,0,1,0,0,0,0,0,0,0,0,0,0,39,39,0,0,0,0,1,0,0,255,255,1,0,0,0,0,0,0,0,normal
0,tcp,private,S0,0,0,0,0,0,0,0,0,0,0,0,0,0,0,0,0,0,0,40,20,1,1,0,0,0.5,0.08,0,255,20,0.08,0.07,0,0,1,1,0,0,abnormal
2,tcp,smtp,SF,1149,331,0,0,0,0,0,1,0,0,0,0,0,0,0,0,0,0,1,2,0,0,0,0,1,0,1,67,65,0.97,0.04,0.01,0,0,0,0.03,0.03,normal
0,tcp,pop_2,REJ,0,0,0,0,0,0,0,0,0,0,0,0,0,0,0,0,0,0,121,17,0,0,1,1,0.14,0.07,0,255,17,0.07,0.07,0,0,0,0,1,1,abnormal
0,tcp,private,S0,0,0,0,0,0,0,0,0,0,0,0,0,0,0,0,0,0,0,205,6,1,1,0,0,0.03,0.07,0,255,6,0.02,0.07,0,0,1,1,0,0,abnormal
0,tcp,private,REJ,0,0,0,0,0,0,0,0,0,0,0,0,0,0,0,0,0,0,114,12,0,0,1,1,0.11,0.07,0,189,12,0.06,0.07,0.01,0,0,0,1,1,abnormal
0,tcp,smtp,SF,1297,382,0,0,0,0,0,1,0,0,0,0,0,0,0,0,0,0,1,1,0,0,0,0,1,0,0,255,38,0.15,0.02,0,0,0.77,0,0,0,normal
0,tcp,daytime,RSTO,0,0,0,0,0,0,0,0,0,0,0,0,0,0,0,0,0,0,219,7,0,0,1,1,0.03,0.07,0,255,7,0.03,0.07,0,0,0,0,1,1,abnormal
11441,tcp,telnet,SF,3219,34378,0,0,0,1,0,1,0,0,0,0,17,0,0,0,0,0,1,1,0,0,0,0,1,0,0,44,9,0.2,0.09,0.02,0,0.02,0,0.05,0.22,normal
0,tcp,private,S0,0,0,0,0,0,0,0,0,0,0,0,0,0,0,0,0,0,0,250,12,1,1,0,0,0.05,0.07,0,255,12,0.05,0.08,0,0,1,1,0,0,abnormal
0,tcp,smtp,SF,779,337,0,0,0,0,0,1,0,0,0,0,0,0,0,0,0,0,1,1,0,0,0,0,1,0,0,11,160,0.73,0.27,0.09,0.02,0,0,0,0,normal
0,icmp,eco_i,SF,30,0,0,0,0,0,0,0,0,0,0,0,0,0,0,0,0,0,1,1,0,0,0,0,1,0,0,2,91,1,0,1,0.51,0,0,0,0,normal
1,tcp,private,RSTR,0,0,0,0,0,0,0,0,0,0,0,0,0,0,0,0,0,0,10,2,0,0,1,1,0.2,0.5,0,180,2,0.01,0.04,0.06,0,0.01,0,0.33,1,abnormal
0,tcp,private,S0,0,0,0,0,0,0,0,0,0,0,0,0,0,0,0,0,0,0,294,14,1,1,0,0,0.05,0.06,0,255,20,0.08,0.08,0,0,1,1,0,0,abnormal
0,udp,domain_u,SF,44,74,0,0,0,0,0,0,0,0,0,0,0,0,0,0,0,0,182,182,0,0,0,0,1,0,0,255,255,1,0,0,0,0,0,0,0,normal
0,udp,private,SF,105,147,0,0,0,0,0,0,0,0,0,0,0,0,0,0,0,0,9,2,0,0,0,0,0.22,0.22,0,255,245,0.96,0.01,0.01,0,0,0,0,0,normal
0,tcp,http,SF,233,9106,0,0,0,0,0,1,0,0,0,0,0,0,0,0,0,0,3,7,0.33,0.29,0,0,1,0,0.29,57,255,1,0,0.02,0.05,0.02,0,0,0,normal
0,tcp,http,SF,310,2113,0,0,0,0,0,1,0,0,0,0,0,0,0,0,0,0,28,28,0,0,0,0,1,0,0,255,255,1,0,0,0,0,0,0,0,normal
0,tcp,http,SF,292,930,0,0,0,0,0,1,0,0,0,0,0,0,0,0,0,0,5,6,0,0,0,0,1,0,0.33,255,255,1,0,0,0,0,0,0,0,normal
0,udp,domain_u,SF,42,42,0,0,0,0,0,0,0,0,0,0,0,0,0,0,0,0,2,3,0,0,0,0,1,0,0.67,255,248,0.97,0.01,0.01,0,0,0,0,0,normal
0,tcp,efs,REJ,0,0,0,0,0,0,0,0,0,0,0,0,0,0,0,0,0,0,122,5,0,0,1,1,0.04,0.07,0,255,5,0.02,0.07,0,0,0,0,1,1,abnormal
0,tcp,smtp,SF,1443,338,0,0,0,0,0,1,0,0,0,0,0,0,0,0,0,0,1,1,0,0,0,0,1,0,0,104,133,0.45,0.05,0.01,0.02,0,0,0,0,normal
0,tcp,csnet_ns,S0,0,0,0,0,0,0,0,0,0,0,0,0,0,0,0,0,0,0,222,17,1,1,0,0,0.08,0.07,0,255,17,0.07,0.08,0,0,1,1,0,0,abnormal
1,tcp,smtp,SF,834,330,0,0,0,0,0,1,0,0,0,0,1,0,0,0,0,0,1,2,0,0,0,0,1,0,1,255,116,0.45,0.03,0,0,0,0,0,0,normal
0,tcp,smtp,SF,1030,390,0,0,0,0,0,1,0,0,0,0,0,0,0,0,0,0,1,1,0,0,0,0,1,0,0,255,87,0.34,0.29,0,0,0.29,0,0,0,normal
0,tcp,http,SF,316,1247,0,0,0,0,0,1,0,0,0,0,0,0,0,0,0,0,26,26,0,0,0,0,1,0,0,255,255,1,0,0,0,0,0,0,0,normal
0,tcp,private,S0,0,0,0,0,0,0,0,0,0,0,0,0,0,0,0,0,0,0,133,12,1,1,0,0,0.09,0.06,0,241,8,0.03,0.08,0,0,1,1,0,0,abnormal
0,tcp,csnet_ns,S0,0,0,0,0,0,0,0,0,0,0,0,0,0,0,0,0,0,0,282,11,1,1,0,0,0.04,0.06,0,255,11,0.04,0.06,0,0,1,1,0,0,abnormal
0,tcp,private,RSTR,0,0,0,0,0,0,0,0,0,0,0,0,0,0,0,0,0,0,1,1,0,0,1,1,1,0,0,215,1,0,0.23,0.44,0,0,0,0.44,1,abnormal
0,tcp,http,SF,289,1098,0,0,0,0,0,1,0,0,0,0,0,0,0,0,0,0,2,2,0,0,0,0,1,0,0,34,255,1,0,0.03,0.05,0,0,0,0,normal
0,icmp,urp_i,SF,78,0,0,0,0,0,0,0,0,0,0,0,0,0,0,0,0,0,55,10,0,0,0,0,0.18,0.04,0,227,10,0.04,0.02,0.05,0,0,0,0,0,normal
21,tcp,smtp,SF,927,332,0,0,0,0,0,1,0,0,0,0,0,0,0,0,0,0,1,1,0,0,0,0,1,0,0,99,110,0.72,0.03,0.01,0.02,0,0,0,0,normal
0,tcp,ftp_data,S0,0,0,0,0,0,0,0,0,0,0,0,0,0,0,0,0,0,0,248,14,1,1,0,0,0.06,0.06,0,255,14,0.05,0.06,0,0,1,1,0,0,abnormal
0,tcp,http,SF,297,1116,0,0,0,0,0,1,0,0,0,0,0,0,0,0,0,0,7,9,0.14,0.11,0,0,1,0,0.33,7,252,1,0,0.14,0.08,0.14,0.01,0,0,normal
0,tcp,private,S0,0,0,0,0,0,0,0,0,0,0,0,0,0,0,0,0,0,0,124,15,1,1,0,0,0.12,0.06,0,255,3,0.01,0.07,0,0,1,1,0,0,abnormal
0,tcp,private,S0,0,0,0,0,0,0,0,0,0,0,0,0,0,0,0,0,0,0,133,6,1,1,0,0,0.05,0.05,0,255,6,0.02,0.04,0,0,1,1,0,0,abnormal
0,tcp,private,REJ,0,0,0,0,0,0,0,0,0,0,0,0,0,0,0,0,0,0,67,1,0.1,0,0.9,1,0.01,1,0,255,1,0,0.54,0,0,0.03,0,0.25,1,abnormal
0,tcp,http,SF,263,5480,0,0,0,0,0,1,0,0,0,0,0,0,0,0,0,0,4,8,0,0,0,0,1,0,0.25,36,255,1,0,0.03,0.04,0,0,0,0.02,normal
0,tcp,private,REJ,0,0,0,0,0,0,0,0,0,0,0,0,0,0,0,0,0,0,37,14,0,0,1,1,0.38,0.08,0,255,11,0.04,0.07,0,0,0,0,1,1,abnormal
0,tcp,private,RSTR,0,0,0,0,0,0,0,0,0,0,0,0,0,0,0,0,0,0,1,1,0,0,1,1,1,0,0,124,1,0.01,0.22,0.21,0,0,0,0.2,1,abnormal
0,icmp,eco_i,SF,8,0,0,0,0,0,0,0,0,0,0,0,0,0,0,0,0,0,1,39,0,0,0,0,1,0,1,1,175,1,0,1,0.5,0,0,0,0,abnormal
0,udp,private,SF,28,0,0,3,0,0,0,0,0,0,0,0,0,0,0,0,0,0,94,92,0.01,0,0.01,0,0.98,0.03,0,255,92,0.36,0.02,0.36,0,0,0,0.48,0,abnormal
0,udp,domain_u,SF,45,114,0,0,0,0,0,0,0,0,0,0,0,0,0,0,0,0,1,2,0,0,0,0,1,0,1,26,23,0.88,0.08,0.04,0,0,0,0,0,normal
0,tcp,private,REJ,0,0,0,0,0,0,0,0,0,0,0,0,0,0,0,0,0,0,75,1,0.09,0,0.91,1,0.01,1,0,255,1,0,0.57,0,0,0.03,0,0.28,1,abnormal
0,tcp,private,S0,0,0,0,0,0,0,0,0,0,0,0,0,0,0,0,0,0,0,262,11,1,1,0,0,0.04,0.06,0,255,12,0.05,0.07,0,0,1,1,0,0,abnormal
0,tcp,private,S0,0,0,0,0,0,0,0,0,0,0,0,0,0,0,0,0,0,0,90,18,1,1,0,0,0.2,0.07,0,255,11,0.04,0.06,0,0,1,1,0,0,abnormal
0,tcp,http,SF,276,308,0,0,0,0,0,1,0,0,0,0,0,0,0,0,0,0,7,25,0,0,0,0,1,0,0.12,255,255,1,0,0,0,0,0,0,0,normal
0,tcp,http,SF,310,8222,0,0,0,0,0,1,0,0,0,0,0,0,0,0,0,0,1,1,0,0,0,0,1,0,0,119,255,1,0,0.01,0.05,0,0,0,0,normal
0,udp,domain_u,SF,45,45,0,0,0,0,0,0,0,0,0,0,0,0,0,0,0,0,163,163,0,0,0,0,1,0,0,255,254,1,0.01,0,0,0,0,0,0,normal
0,tcp,private,S0,0,0,0,0,0,0,0,0,0,0,0,0,0,0,0,0,0,0,63,4,1,1,0,0,0.06,0.06,0,255,4,0.02,0.05,0,0,1,1,0,0,abnormal
0,udp,domain_u,SF,45,67,0,0,0,0,0,0,0,0,0,0,0,0,0,0,0,0,264,264,0,0,0,0,1,0,0,255,238,0.93,0.01,0,0,0,0,0,0,normal
0,tcp,telnet,S0,0,0,0,0,0,0,0,0,0,0,0,0,0,0,0,0,0,0,263,18,1,1,0,0,0.07,0.06,0,255,18,0.07,0.07,0,0,1,1,0,0,abnormal
0,tcp,finger,S0,0,0,0,0,0,0,0,0,0,0,0,0,0,0,0,0,0,0,230,13,1,1,0,0,0.06,0.07,0,255,1,0,0.08,0,0,1,1,0,0,abnormal
0,tcp,telnet,S1,539,44731,0,0,0,0,0,0,0,0,0,0,0,0,0,0,0,0,1,1,1,1,0,0,1,0,0,1,3,1,0,1,1,1,0.33,0,0,normal
5033,tcp,ftp_data,SF,5133876,0,0,0,0,0,0,1,0,0,0,0,0,0,0,0,0,0,1,1,0,0,0,0,1,0,0,17,44,1,0,1,0.07,0,0,0,0,abnormal
0,tcp,http,REJ,0,0,0,0,0,0,0,0,0,0,0,0,0,0,0,0,0,0,1,1,0,0,1,1,1,0,0,86,77,0.9,0.02,0.01,0,0,0,0.9,1,normal
0,tcp,http,SF,225,1566,0,0,0,0,0,1,0,0,0,0,0,0,0,0,0,0,17,17,0,0,0,0,1,0,0,17,255,1,0,0.06,0.01,0,0,0,0,normal
0,tcp,http,SF,237,2748,0,0,0,0,0,1,0,0,0,0,0,0,0,0,0,0,3,5,0,0,0,0,1,0,0.6,78,255,1,0,0.01,0.05,0,0,0.04,0.04,normal
0,tcp,ftp_data,S0,0,0,0,0,0,0,0,0,0,0,0,0,0,0,0,0,0,0,131,2,1,1,0,0,0.02,0.06,0,255,4,0.02,0.07,0,0,1,1,0,0,abnormal
0,tcp,private,S0,0,0,0,0,0,0,0,0,0,0,0,0,0,0,0,0,0,0,273,1,1,1,0,0,0,0.06,0,255,2,0.01,0.07,0,0,1,1,0,0,abnormal
26,tcp,ftp,SF,229,769,0,0,0,4,0,1,0,0,0,0,0,0,0,0,0,1,1,1,0,0,0,0,1,0,0,136,30,0.22,0.04,0.01,0,0.01,0,0,0,normal
0,tcp,private,S0,0,0,0,0,0,0,0,0,0,0,0,0,0,0,0,0,0,0,171,4,1,1,0,0,0.02,0.07,0,255,4,0.02,0.09,0,0,1,1,0,0,abnormal
0,tcp,http,SF,353,2102,0,0,0,0,0,1,0,0,0,0,0,0,0,0,0,0,8,8,0,0,0,0,1,0,0,39,255,1,0,0.03,0.04,0,0,0,0,normal
0,icmp,urp_i,SF,181,0,0,0,0,0,0,0,0,0,0,0,0,0,0,0,0,0,2,1,0,0,0,0,0.5,1,0,255,123,0.48,0.01,0.62,0,0,0,0,0,normal
0,tcp,http,SF,256,1033,0,0,0,0,0,1,0,0,0,0,0,0,0,0,0,0,21,24,0,0,0,0,1,0,0.17,255,255,1,0,0,0,0,0,0,0,normal
5,tcp,ftp_data,SF,2194619,0,0,0,0,0,0,1,0,0,0,0,0,0,0,0,0,0,2,3,0,0,0,0,1,0,0.67,65,87,0.09,0.06,0.09,0.02,0,0,0,0,normal
0,tcp,auth,S0,0,0,0,0,0,0,0,0,0,0,0,0,0,0,0,0,0,0,207,3,1,1,0,0,0.01,0.07,0,255,3,0.01,0.07,0,0,1,1,0,0,abnormal
0,tcp,other,SF,3468,0,0,0,0,0,0,1,0,0,0,0,0,0,0,0,0,0,19,1,0.05,0,0,0,0.05,0.21,0,255,1,0,0.03,0.21,0,0,0,0,0,normal
0,tcp,auth,SF,9,38,0,0,0,0,0,1,0,0,0,0,0,0,0,0,0,0,1,1,0,0,0,0,1,0,0,55,9,0.04,0.09,0.02,0.22,0,0,0,0,normal
0,tcp,imap4,REJ,0,0,0,0,0,0,0,0,0,0,0,0,0,0,0,0,0,0,231,11,0,0,1,1,0.05,0.06,0,255,11,0.04,0.08,0,0,0,0,1,1,abnormal
0,tcp,private,S0,0,0,0,0,0,0,0,0,0,0,0,0,0,0,0,0,0,0,92,12,1,1,0,0,0.13,0.05,0,255,20,0.08,0.07,0,0,1,1,0,0,abnormal
0,tcp,http,REJ,0,0,0,0,0,0,0,0,0,0,0,0,0,0,0,0,0,0,1,2,0,0,1,1,1,0,1,14,239,1,0,0.07,0.12,0,0,1,1,normal
0,udp,private,SF,1,1,0,0,0,0,0,0,0,0,0,0,0,0,0,0,0,0,8,5,0,0,0,0,0.62,0.25,0,255,5,0.02,0.98,0.03,0,0.19,0,0.78,0,abnormal
11,tcp,telnet,SF,180,181228,0,0,0,0,0,1,0,0,0,0,0,0,0,0,0,0,1,1,0,0,0,0,1,0,0,222,56,0.25,0.02,0,0,0,0,0,0,normal
0,tcp,private,REJ,0,0,0,0,0,0,0,0,0,0,0,0,0,0,0,0,0,0,324,1,0.03,0,0.95,1,0,1,0,255,1,0,1,0,0,0.04,0,0.96,1,abnormal
0,tcp,ctf,S0,0,0,0,0,0,0,0,0,0,0,0,0,0,0,0,0,0,0,276,9,1,1,0,0,0.03,0.05,0,255,9,0.04,0.05,0,0,1,1,0,0,abnormal
0,tcp,time,S0,0,0,0,0,0,0,0,0,0,0,0,0,0,0,0,0,0,0,102,2,1,1,0,0,0.02,0.07,0,255,2,0.01,0.07,0,0,1,1,0,0,abnormal
0,tcp,daytime,S0,0,0,0,0,0,0,0,0,0,0,0,0,0,0,0,0,0,0,167,15,1,1,0,0,0.09,0.06,0,255,15,0.06,0.05,0,0,1,1,0,0,abnormal
0,tcp,http,SF,192,2241,0,0,0,0,0,1,0,0,0,0,0,0,0,0,0,0,4,4,0,0,0,0,1,0,0,255,255,1,0,0,0,0,0,0,0,normal
9575,tcp,other,RSTR,1,0,0,0,0,0,0,0,0,0,0,0,0,0,0,0,0,0,2,2,0,0,1,1,1,0,0,255,2,0.01,0.74,1,0,0,0,1,1,abnormal
0,tcp,private,RSTR,0,0,0,0,0,0,0,0,0,0,0,0,0,0,0,0,0,0,1,1,0,0,1,1,1,0,0,234,1,0,0.58,0.58,0,0,0,0.58,1,abnormal
0,tcp,private,REJ,0,0,0,0,0,0,0,0,0,0,0,0,0,0,0,0,0,0,135,18,0,0,1,1,0.13,0.05,0,255,18,0.07,0.05,0,0,0,0,1,1,abnormal
0,tcp,http,SF,0,7461,0,0,0,0,0,0,0,0,0,0,0,0,0,0,0,0,27,27,0.04,0.04,0,0,1,0,0,27,255,1,0,0.04,0.05,0.04,0.01,0,0,normal
0,tcp,private,S0,0,0,0,0,0,0,0,0,0,0,0,0,0,0,0,0,0,0,142,14,1,1,0,0,0.1,0.06,0,255,11,0.04,0.08,0,0,1,1,0,0,abnormal
0,tcp,ftp,RSTO,0,0,0,0,0,0,0,0,0,0,0,0,0,0,0,0,0,0,1,1,0,0,1,1,1,0,0,126,27,0.21,0.04,0.01,0,0,0,0.04,0.07,normal
0,icmp,ecr_i,SF,1480,0,0,1,0,0,0,0,0,0,0,0,0,0,0,0,0,0,7,7,0,0,0,0,1,0,0,255,8,0.03,0.08,0.03,0,0.58,0,0.01,0,abnormal
0,tcp,smtp,SF,2282,327,0,0,0,0,0,1,0,0,0,0,0,0,0,0,0,0,1,1,0,0,0,0,1,0,0,216,154,0.7,0.02,0,0.01,0,0,0,0,normal
0,tcp,http,SF,224,714,0,0,0,0,0,1,0,0,0,0,0,0,0,0,0,0,7,7,0,0,0,0,1,0,0,61,61,1,0,0.02,0,0,0,0,0,normal
0,tcp,smtp,SF,1568,363,0,0,0,0,0,1,0,0,0,0,0,0,0,0,0,0,1,2,0,0,0,0,1,0,1,152,85,0.54,0.05,0.01,0.02,0.01,0.01,0,0,normal
0,tcp,klogin,S0,0,0,0,0,0,0,0,0,0,0,0,0,0,0,0,0,0,0,72,25,1,1,0,0,0.35,0.06,0,255,25,0.1,0.05,0,0,1,1,0,0,abnormal
1,tcp,discard,RSTR,0,0,0,0,0,0,0,0,0,0,0,0,0,0,0,0,0,0,166,2,0.13,0,0.87,1,0.01,0.58,0,255,2,0.01,0.38,0.65,0,0.08,0,0.57,1,abnormal
4353,udp,other,SF,147,105,0,0,0,0,0,0,0,0,0,0,0,0,0,0,0,0,1,1,0,0,0,0,1,0,0,255,1,0,0.73,0.99,0,0,0,0,0,normal
0,tcp,http,SF,280,1652,0,0,0,0,0,1,0,0,0,0,0,0,0,0,0,0,6,6,0,0,0,0,1,0,0,6,255,1,0,0.17,0.02,0,0,0,0,normal
0,tcp,http,SF,192,395,0,0,0,0,0,1,0,0,0,0,0,0,0,0,0,0,3,3,0,0,0,0,1,0,0,124,255,1,0,0.01,0.02,0,0,0,0,normal
0,tcp,http,SF,315,885,0,0,0,0,0,1,0,0,0,0,0,0,0,0,0,0,13,22,0,0,0,0,1,0,0.18,255,255,1,0,0,0,0,0,0,0,normal
0,tcp,smtp,SF,932,324,0,0,0,0,0,1,0,0,0,0,0,0,0,0,0,0,1,1,0,0,0,0,1,0,0,11,11,1,0,0.09,0,0,0,0,0,normal
0,tcp,http,S0,0,0,0,0,0,0,0,0,0,0,0,0,0,0,0,0,0,0,2,2,0.5,0.5,0,0,1,0,0,23,255,1,0,0.09,0.02,0.04,0,0.04,0,normal
0,udp,domain_u,SF,43,109,0,0,0,0,0,0,0,0,0,0,0,0,0,0,0,0,2,2,0,0,0,0,1,0,0,28,203,0.57,0.07,0.57,0.01,0,0,0.39,0,normal
0,tcp,http,REJ,0,0,0,0,0,0,0,0,0,0,0,0,0,0,0,0,0,0,1,1,0,0,1,1,1,0,0,2,236,1,0,0.5,0.21,0,0,1,0.96,normal
0,tcp,private,REJ,0,0,0,0,0,0,0,0,0,0,0,0,0,0,0,0,0,0,97,2,0,0,1,1,0.02,0.07,0,255,2,0.01,0.08,0,0,0,0,1,1,abnormal
0,tcp,ftp_data,SF,12,0,0,0,0,0,0,1,0,0,0,0,0,0,0,0,0,0,2,2,0,0,0,0,1,0,0,122,75,0.39,0.06,0.39,0.03,0,0.01,0,0,normal
0,icmp,ecr_i,SF,1032,0,0,0,0,0,0,0,0,0,0,0,0,0,0,0,0,0,511,511,0,0,0,0,1,0,0,255,195,0.76,0.15,0.76,0,0,0,0,0,abnormal
0,tcp,private,S0,0,0,0,0,0,0,0,0,0,0,0,0,0,0,0,0,0,0,255,15,1,1,0,0,0.06,0.06,0,255,2,0.01,0.07,0,0,1,1,0,0,abnormal
0,udp,domain_u,SF,34,91,0,0,0,0,0,0,0,0,0,0,0,0,0,0,0,0,2,4,0,0,0,0,1,0,0.75,180,135,0.75,0.02,0.01,0,0,0,0,0,normal
0,tcp,private,S0,0,0,0,0,0,0,0,0,0,0,0,0,0,0,0,0,0,0,224,17,1,1,0,0,0.08,0.07,0,255,18,0.07,0.07,0,0,1,1,0,0,abnormal
0,tcp,http,REJ,0,0,0,0,0,0,0,0,0,0,0,0,0,0,0,0,0,0,1,1,0,0,1,1,1,0,0,19,192,1,0,0.05,0.19,0,0,1,1,normal
0,tcp,http,S0,0,0,0,0,0,0,0,0,0,0,0,0,0,0,0,0,0,0,241,7,1,1,0,0,0.03,0.06,0,255,7,0.03,0.05,0,0,1,1,0,0,abnormal
0,icmp,ecr_i,SF,1480,0,0,1,0,0,0,0,0,0,0,0,0,0,0,0,0,0,2,4,0,0,0,0,1,0,0.5,2,28,1,0,1,0.5,0,0,0,0,abnormal
0,udp,domain_u,SF,46,46,0,0,0,0,0,0,0,0,0,0,0,0,0,0,0,0,234,238,0,0,0,0,1,0,0.01,255,219,0.86,0.01,0.01,0,0,0,0,0,normal
0,tcp,http,SF,350,603,0,0,0,0,0,1,0,0,0,0,0,0,0,0,0,0,12,13,0,0,0,0,1,0,0.15,181,255,1,0,0.01,0.01,0,0,0,0,normal
0,tcp,http,SF,207,366,0,0,0,0,0,1,0,0,0,0,0,0,0,0,0,0,11,12,0,0,0,0,1,0,0.17,255,255,1,0,0,0,0,0,0,0,normal
0,tcp,smtp,SF,755,334,0,0,0,0,0,1,0,0,0,0,0,0,0,0,0,0,1,1,0,0,0,0,1,0,0,5,203,1,0,0.2,0.02,0,0,0,0,normal
0,tcp,ftp_data,SF,334,0,0,0,0,0,0,1,0,0,0,0,0,0,0,0,0,0,2,2,0,0,0,0,1,0,0,2,4,1,0,1,0.5,0,0,0,0,abnormal
0,tcp,ftp_data,SF,36696,0,0,0,0,0,0,1,0,0,0,0,0,0,0,0,0,0,1,1,0,0,0,0,1,0,0,221,64,0.29,0.01,0.29,0,0,0,0,0,normal
0,tcp,http,SF,298,3296,0,0,0,0,0,1,0,0,0,0,0,0,0,0,0,0,4,4,0,0,0,0,1,0,0,4,255,1,0,0.25,0.06,0,0,0,0,normal
0,udp,domain_u,SF,43,131,0,0,0,0,0,0,0,0,0,0,0,0,0,0,0,0,77,157,0,0,0,0,1,0,0.01,255,255,1,0,0,0,0,0,0,0,normal
0,tcp,uucp_path,REJ,0,0,0,0,0,0,0,0,0,0,0,0,0,0,0,0,0,0,265,15,0,0,1,1,0.06,0.06,0,255,15,0.06,0.07,0,0,0,0,1,1,abnormal
0,icmp,eco_i,SF,8,0,0,0,0,0,0,0,0,0,0,0,0,0,0,0,0,0,1,42,0,0,0,0,1,0,1,2,30,1,0,1,0.53,0,0,0,0,abnormal
5863,udp,other,SF,147,105,0,0,0,0,0,0,0,0,0,0,0,0,0,0,0,0,1,1,0,0,0,0,1,0,0,255,1,0,0.7,0.94,0,0,0,0,0,normal
0,udp,domain_u,SF,46,140,0,0,0,0,0,0,0,0,0,0,0,0,0,0,0,0,71,151,0,0,0,0,1,0,0.01,255,254,1,0.01,0,0,0,0,0,0,normal
0,tcp,http,SF,243,5790,0,0,0,0,0,1,0,0,0,0,0,0,0,0,0,0,7,15,0,0,0,0,1,0,0.13,7,255,1,0,0.14,0.04,0,0,0,0,normal
45,udp,domain_u,SF,111,44,0,0,0,0,0,0,0,0,0,0,0,0,0,0,0,0,1,1,0,0,0,0,1,0,0,34,11,0.32,0.06,0.32,0,0,0,0,0,normal
0,tcp,auth,REJ,0,0,0,0,0,0,0,0,0,0,0,0,0,0,0,0,0,0,280,16,0,0,1,1,0.06,0.06,0,255,16,0.06,0.07,0,0,0,0,1,1,abnormal
0,icmp,ecr_i,SF,1032,0,0,0,0,0,0,0,0,0,0,0,0,0,0,0,0,0,511,511,0,0,0,0,1,0,0,255,131,0.51,0.17,0.51,0,0,0,0,0,abnormal
0,tcp,http,SF,326,1105,0,0,0,0,0,1,0,0,0,0,0,0,0,0,0,0,16,58,0,0,0,0,1,0,0.12,255,255,1,0,0,0,0,0,0,0,normal
0,tcp,private,S0,0,0,0,0,0,0,0,0,0,0,0,0,0,0,0,0,0,0,193,1,1,1,0,0,0.01,0.09,0,255,1,0,0.08,0,0,1,1,0,0,abnormal
0,tcp,time,S0,0,0,0,0,0,0,0,0,0,0,0,0,0,0,0,0,0,0,236,2,1,1,0,0,0.01,0.07,0,255,2,0.01,0.08,0,0,1,1,0,0,abnormal
0,tcp,http,SF,239,516,0,0,0,0,0,1,0,0,0,0,0,0,0,0,0,0,8,13,0,0,0,0,1,0,0.23,255,255,1,0,0,0,0,0,0,0,normal
0,udp,domain_u,SF,46,134,0,0,0,0,0,0,0,0,0,0,0,0,0,0,0,0,3,42,0,0,0,0,1,0,0.05,255,248,0.97,0.01,0,0,0,0,0,0,normal
0,udp,domain_u,SF,43,136,0,0,0,0,0,0,0,0,0,0,0,0,0,0,0,0,111,111,0,0,0,0,0.99,0.02,0.02,255,254,1,0.01,0,0,0,0,0,0,normal
0,tcp,http,S2,277,27999,0,0,0,0,0,1,0,0,0,0,0,0,0,0,0,0,1,1,1,1,0,0,1,0,0,18,255,1,0,0.06,0.02,0.06,0,0,0,normal
0,tcp,ftp_data,SF,1766,0,0,0,0,0,0,1,0,0,0,0,0,0,0,0,0,0,1,1,0,0,0,0,1,0,0,62,65,0.1,0.05,0.1,0.03,0,0.25,0,0,normal
0,tcp,ftp_data,SF,334,0,0,0,0,0,0,1,0,0,0,0,0,0,0,0,0,0,2,2,0,0,0,0,1,0,0,28,4,0.14,0.07,0.14,0,0,0,0,0,abnormal
0,udp,domain_u,SF,44,153,0,0,0,0,0,0,0,0,0,0,0,0,0,0,0,0,68,148,0,0,0,0,1,0,0.01,255,255,1,0,0,0,0,0,0,0,normal
0,tcp,private,S0,0,0,0,0,0,0,0,0,0,0,0,0,0,0,0,0,0,0,111,8,1,1,0,0,0.07,0.06,0,255,20,0.08,0.05,0,0,1,1,0,0,abnormal
0,tcp,ftp_data,SF,334,0,0,0,0,0,0,1,0,0,0,0,0,0,0,0,0,0,1,1,0,0,0,0,1,0,0,1,9,1,0,1,0.44,0,0,0,0,abnormal
0,tcp,vmnet,S0,0,0,0,0,0,0,0,0,0,0,0,0,0,0,0,0,0,0,272,15,1,1,0,0,0.06,0.04,0,255,9,0.04,0.05,0,0,1,1,0,0,abnormal
0,tcp,http,SF,352,2241,0,0,0,0,0,1,0,0,0,0,0,0,0,0,0,0,1,1,0,0,0,0,1,0,0,29,255,1,0,0.03,0.03,0,0,0,0,normal
0,tcp,vmnet,REJ,0,0,0,0,0,0,0,0,0,0,0,0,0,0,0,0,0,0,209,5,0,0,1,1,0.02,0.07,0,255,5,0.02,0.08,0,0,0,0,1,1,abnormal
0,tcp,http,SF,264,1254,0,0,0,0,0,1,0,0,0,0,0,0,0,0,0,0,27,28,0,0,0,0,1,0,0.07,255,255,1,0,0,0,0,0,0,0,normal
27,tcp,ftp,SF,1489,4152,0,0,0,30,0,1,0,0,0,0,0,0,0,0,0,1,1,1,0,0,0,0,1,0,0,235,51,0.22,0.04,0,0,0,0,0,0,normal
0,udp,domain_u,SF,45,131,0,0,0,0,0,0,0,0,0,0,0,0,0,0,0,0,46,196,0,0,0,0,1,0,0.02,186,196,0.78,0.02,0.69,0.01,0,0,0.08,0,normal
4,tcp,smtp,SF,835,336,0,0,0,0,0,1,0,0,0,0,0,0,0,0,0,0,1,1,0,0,0,0,1,0,0,115,188,0.61,0.05,0.01,0.01,0,0.01,0,0,normal
4,tcp,netstat,RSTR,0,0,0,0,0,0,0,0,0,0,0,0,0,0,0,0,0,0,4,2,0,0,1,1,0.5,0.5,0,255,2,0.01,0.02,0.02,0,0,0,0.84,1,abnormal
0,udp,domain_u,SF,42,42,0,0,0,0,0,0,0,0,0,0,0,0,0,0,0,0,6,8,0,0,0,0,1,0,0.25,207,201,0.97,0.01,0,0,0,0,0,0,normal
0,udp,domain_u,SF,44,113,0,0,0,0,0,0,0,0,0,0,0,0,0,0,0,0,1,2,0,0,0,0,1,0,1,252,230,0.91,0.01,0,0,0,0,0.02,0,normal
0,tcp,http,SF,251,1678,0,0,0,0,0,1,0,0,0,0,0,0,0,0,0,0,3,3,0,0,0,0,1,0,0,223,217,0.97,0.01,0,0,0,0,0,0,normal
0,tcp,private,S0,0,0,0,0,0,0,0,0,0,0,0,0,0,0,0,0,0,0,217,11,1,1,0,0,0.05,0.06,0,255,20,0.08,0.07,0,0,1,1,0,0,abnormal
0,tcp,private,S0,0,0,0,0,0,0,0,0,0,0,0,0,0,0,0,0,0,0,152,22,1,1,0,0,0.14,0.05,0,255,22,0.09,0.06,0,0,1,1,0,0,abnormal
0,tcp,uucp,S0,0,0,0,0,0,0,0,0,0,0,0,0,0,0,0,0,0,0,128,7,1,1,0,0,0.05,0.06,0,255,7,0.03,0.07,0,0,1,1,0,0,abnormal
0,tcp,smtp,SF,1075,364,0,0,0,0,0,1,0,0,0,0,0,0,0,0,0,0,1,2,0,0,0,0,1,0,1,255,100,0.39,0.17,0,0,0,0,0,0,normal
0,tcp,netbios_ns,S0,0,0,0,0,0,0,0,0,0,0,0,0,0,0,0,0,0,0,124,19,1,1,0,0,0.15,0.05,0,255,19,0.07,0.05,0,0,1,1,0,0,abnormal
